вакансия,ключевые навыки,опыт работы,зарплата,название компании,Звезды,кол-во отзывов
Аналитик данных (junior),"Проектная документация,Сбор и анализ информации,SQL,Базы данных,MS Excel,Аналитическое мышление,Английский язык,BPMN",1–3 года,"от ,25 000, ,₽",Миго-групп,"3,2",2
Специалист Отдела аналитики и обработки баз данных,,не требуется,"от ,35 000, ,₽",ЕРКЦ,"3,9",5
Аналитик данных,"Анализ данных,Python,SQL,Аналитика,Сбор и анализ информации,MS Excel,Google Analytics,Анализ бизнес показателей,Умение работать в коллективе,Работа с большим объемом информации",1–3 года,"до ,30 000, ,₽",Sputnik Solutions,,
"Операционист на маркетплейсы (аналитик данных Excel, НА ПОЛНЫЙ ДЕНЬ,удалённо)","Маркетинговый анализ,Маркетинговые исследования,Анализ конкурентной среды,Статистический анализ,Маркетплейсы,Анализ бизнес показателей,SWOT анализ,Анализ рынка,MS Excel",не требуется,"от ,20 000, до ,30 000, ,₽",Бонанза Фешн,"4,5",16
Аналитик данных (junior),"Проектная документация,Сбор и анализ информации,SQL,Базы данных,MS Excel,Аналитическое мышление,Английский язык,BPMN",1–3 года,"до ,40 000, ,₽",Миго-групп,"3,2",2
Стажер Аналитик данных (Группа аналитики данных),"SQL,Python",не требуется,"до ,30 000, ,₽",ЦРПТ (Центр развития перспективных технологий),"4,9",135
Ассистент аналитика / инженера данных,"SQL,Английский язык,Английский — B1 — Средний",не требуется,"до ,40 000, ,₽",Адвентум,"4,2",30
Аналитик данных,"Хранилище данных,MS Excel,Табличная верстка,Работа с базами данных,1С: Торговля,Аналитическое мышление,Анализ данных",1–3 года,"от ,40 700, до ,40 700, ,₽",Группа Компаний «Линия7»,"3,8",36
Аналитик данных (Продажи),"Хранилище данных,MS Excel,Табличная верстка,Работа с базами данных,1С: Торговля,Аналитическое мышление,Анализ данных",1–3 года,"от ,40 700, до ,40 700, ,₽",Группа Компаний «Линия7»,"3,8",36
Специалист-аналитик данных,"MS Excel,BI-отчетность,ВПР,сводные таблицы,Аналитическое мышление,Подготовка отчетов,Аналитика,Выборка",1–3 года,"от ,42 500, до ,42 500, ,₽",Ростелеком,"3,5",8727
Стажер-аналитик (Модель данных ЦКР),,не требуется,"до ,50 000, ,₽",Сбер. IT,"4,0",17825
Оператор базы данных клиентов (помощник аналитика),"Работа с базами данных,Клиентоориентированность,Базы данных,Пользователь ПК",1–3 года,"от ,35 000, ,₽",Ceramic3d,"4,7",28
Аналитик данных,"Ценообразование,Анализ конкурентов,Адаптация трейд-маркетинговой стратегии,Торговый маркетинг,1С: Розница,Расчет премий и бонусов",1–3 года,"от ,40 000, до ,45 000, ,₽",ГК ТехникаПро,,
Аналитик данных Excel,"Работа с большим объемом информации,MS Excel,Сбор и анализ информации,Работа с базами данных,ВПР,Подготовка отчетов",не требуется,"от ,35 000, ,₽",Ростелеком Башкортостан,"3,5",72
Аналитик данных,"Пользователь ПК,Работа в команде,Грамотная речь,Поиск информации в интернет,Статистика,Работа с базами данных,Excel,Первичные документы",1–3 года,"от ,40 050, ,₽",Центр коммунального сервиса,"3,9",21
Аналитик баз данных,,1–3 года,"от ,50 000, до ,50 000, ,₽",Л-Транс,"4,8",9
Менеджер по базам данных \ CRM-маркетолог \ Маркетолог-аналитик,"Грамотная речь,Креативность,Анализ конкурентов,Анализ потребительских предпочтений,Продвижение бренда,Ведение групп в социальных сетях,Многозадачность",1–3 года,"от ,40 000, ,₽","Байкальская Виза, ГК","3,7",13
Ведущий специалист (аналитик данных),,1–3 года,"от ,40 000, ,₽",ФГБОУ ВО Самарский государственный медицинский университет МЗ РФ,"3,6",25
Аналитик данных,,3–6 лет,"от ,100 000, ,₽",МедСофт,,
IT-специалист (аналитик данных),,1–3 года,"от ,40 000, ,₽",ГБУЗ Владимирской области Медицинский информационно-аналитический центр,,
Социолог/аналитик данных,,3–6 лет,"до ,60 000, ,₽",Ассоциация Е.В.А.,,
Аналитик данных,"Аналитика продаж,Прогнозирование,Анализ данных,Работа с базами данных,Работа с большим объемом информации,Подготовка презентаций,Сбор и анализ информации,Управленческая отчетность",1–3 года,"от ,45 000, ,₽",Бумхиминвест,"4,5",13
Аналитик баз данных/ продуктовый аналитик (экономист),"Аналитическое мышление,Экономический анализ,Финансовый анализ,Анализ данных,Power BI,MS Power BI,Анализ финансовых показателей,Аналитические исследования,Базы данных,1С: Бухгалтерия,1С: Зарплата и управление персоналом,MS Excel,Подготовка отчетов,Анализ бизнес показателей",1–3 года,"от ,45 000, до ,60 000, ,₽",Жар Свежар,"3,7",16
Маркетолог - аналитик (аналитик баз данных),"ABC-анализ,SQL,Бизнес-анализ,Аналитическое мышление,XYZ-анализ,Аналитика,Работа с большим объемом информации,SWOT анализ,Конкурентная аналитика,Анализ ассортиментной линейки,Ценообразование,Подготовка презентаций",1–3 года,"от ,50 000, до ,60 000, ,₽",Б2 Мотор.ру,"4,2",21
Аналитик данных с отличным знанием Excel,"1С: Предприятие 8,1С: Торговля,1С: Документооборот,CRM,MS Excel",3–6 лет,"от ,55 000, до ,55 000, ,₽",Мед плюс,"4,1",28
Аналитик данных на маркетплейсе Wildberries / Ресёрчер,"Маркетплейсы,Знание Excel,Удаленная работа,Работа с большим объемом информации,Аналитический склад ума,Умение принимать решения,Продвинутый пользователь ПК,Аналитика продаж,Анализ продаж,E-Commerce,wildberries,Конкурентная аналитика,Работа с системами аналитики",1–3 года,"от ,50 000, ,₽",Аксёнов Алексей Михайлович,"4,8",1
Младший аналитик данных,,1–3 года,"от ,50 000, ,₽",Первый Бит,"3,9",1385
Аналитик данных,,1–3 года,"от ,50 000, ,₽",Эксимтранс,,
Аналитик данных,,1–3 года,"от ,50 000, ,₽",Горно-металлургический комплекс,"3,6",156
Аналитик хранилища данных (DWH),"Разработка технических заданий,Бизнес-анализ,Системный анализ,Проектная документация,MS Visio,SQL,Информационные технологии,DWH,Hadoop,Confluence,Atlassian Jira",1–3 года,"от ,52 000, ,₽",VDcom,"4,3",27
Специалист по обработке данных / Аналитик,"Деловая переписка,1С: Предприятие 8,Аналитическое мышление,MS Excel,Анализ данных,Управление проектами",1–3 года,"от ,55 000, ,₽",Техноавиа-Тюмень,,
Аналитик бизнес-данных,"Грамотная речь,Работа с большим объемом информации,1С: Предприятие 8,MS PowerPoint,Аналитическое мышление",1–3 года,"до ,73 000, ,₽","Нижегородская областная фармация, ГП НО","3,1",8
Аналитик данных (Data Scientist),Английский — A1 — Начальный,1–3 года,"от ,50 000, до ,70 000, ,₽",УГМК-Телеком,"4,3",12
Аналитик данных (Junior),"SQL,Python,Английский язык,MS SQL,Работа с базами данных",1–3 года,"от ,55 000, до ,70 000, ,₽",DNS Головной офис,"4,2",21
Аналитик данных,,не требуется,"от ,60 000, до ,60 000, ,₽","МАГНИТ, Розничная сеть",,
Аналитик данных (IT-компания),"Базы данных,SQL,MS SQL,Oracle Pl/SQL,MS Access,VBA,MS Outlook,MS SQL Server,Python,R,MS Excel",не требуется,"от ,55 000, до ,70 000, ,₽",DSM Group,"4,1",20
Аналитик данных,,1–3 года,"от ,60 000, до ,60 000, ,₽",ЦЕНТРОФИНАНС,"3,9",125
Аналитик данных (Data Scientist),Английский — A1 — Начальный,1–3 года,"от ,50 000, до ,70 000, ,₽",УГМК-Телеком,"4,3",12
"Системный аналитик (ERP, интеграционная шина, оптимизация баз данных)","Галактика,Оптимизация бизнес-процессов,АСКОН,T-Flex,Бизнес-анализ,Работа с базами данных,SQL,Моделирование бизнес процессов,Разработка инструкций,Анализ данных,Постановка задач разработчикам,Информационные технологии,Разработка технических заданий,Автоматизация процессов,Проведение тестирований,Техническая документация,Системный подход",3–6 лет,"от ,52 140, ,₽",ОКБ Факел,"3,1",21
Аналитик данных Excel (транспортные услуги компании),"Работа с большим объемом информации,Работа с документами,Поиск информации в интернет,Аналитическое мышление,Сбор и анализ информации,Знание Excel,1C: Предприятие",1–3 года,"от ,64 000, до ,64 000, ,₽",САТУРН - строительные материалы,"4,1",373
"Специалист поддержки клиентского сервиса (аналитика, работа с базами данных)",,не требуется,"от ,50 000, до ,85 000, ,₽",CityAds Media,"4,0",30
Аналитик обработки данных,,1–3 года,"от ,65 000, до ,65 000, ,₽","МАГНИТ, Розничная сеть",,
Аналитик данных,"SQL,Power BI,MS Excel,Анализ данных,MS PowerPoint,ITIL,Python",3–6 лет,"от ,57 000, ,₽",Гринатом. Центр Разработки.,"4,0",560
Аналитик клиентских данных,"Аналитическое мышление,Работа с большим объемом информации,Power BI,Базы данных,Английский язык,Подготовка презентаций,Анализ рынка",1–3 года,"до ,80 000, ,₽","Институт Тренинга - АРБ Про, группа компаний","3,1",6
Аналитик данных,"Анализ данных,SQL,Python,Аналитическое мышление",не требуется,"от ,60 000, ,₽",MARSHALL,"4,3",98
Главный специалист (Аналитик данных/BI-аналитик),,3–6 лет,"до ,85 000, ,₽",КГКУ Информационно-технологический центр Приморского края,"3,2",1
Аналитик данных,,1–3 года,"от ,60 900, ,₽",Сбер для экспертов,"4,0",17825
Аналитик данных Отдела анализа и отчетности,"SQL,VBA,bi-платформы,Анализ данных",1–3 года,"от ,50 000, до ,97 000, ,₽","Кубань Кредит, КБ","3,8",215
Аналитик данных / специалист Google Data Studio (удалённо),"Google Data Studio,Анализ данных,Работа с базами данных,Анализ бизнес показателей,Постановка задач разработчикам,Data Mining,MS Power BI,Оптимизация бизнес-процессов,Сбор и анализ информации,Работа с системами аналитики,Data Analysis,Прогнозирование,Математический анализ,Power BI,Конкурентная аналитика,Базы данных,Аналитическое мышление,Бизнес-анализ,UML,Atlassian Jira,Big Data,Python,SQL,Аналитические исследования,Статистический анализ,Работа с большим объемом информации,Оптимизация бизнес процессов,Business Analysis,Сводные таблицы,Мой склад",1–3 года,"от ,65 000, до ,80 000, ,₽",Бризекс,"4,5",16
Ведущий аналитик данных,"SQL,Базы данных,Аналитика,Аналитическое мышление,Power BI,Анализ данных,Tableau",1–3 года,"до ,90 000, ,₽","Компания «СПОРТМАСТЕР», Логистика","4,3",7481
Аналитик данных,"Python,SQL,MS SQL,Анализ данных,Базы данных,Jupiter,Excel,Макросы,Работа с большим объемом информации",1–3 года,"от ,50 000, до ,100 000, ,₽",Сеть магазинов цифровой и бытовой техники DNS,"3,8",4725
Младший аналитик данных/Junior data analyst (регионы),"SQL,Python,Работа с базами данных,Анализ данных,Аналитика,Аналитические исследования,Базы данных,Data Analysis",1–3 года,"до ,90 000, ,₽",KONNEKTU,"4,1",2
Ведущий аналитик данных,"SQL,Базы данных,Аналитика,Аналитическое мышление,Power BI,Анализ данных,Tableau",1–3 года,"до ,90 000, ,₽","Компания «СПОРТМАСТЕР», Логистика","4,3",7481
Инженер/Аналитик данных Excel,"MS Excel,Работа с базами данных",не требуется,"от ,78 045, до ,78 045, ,₽",МОСГАЗ,,
Младший аналитик данных,,1–3 года,"от ,70 000, ,₽",ПроКонтекст,,
Аналитик баз данных (аренда торговой недвижимости),,1–3 года,"от ,80 000, до ,80 000, ,₽",ID:HR,,
Аналитик данных,"Python,Работа с большим объемом информации",1–3 года,"от ,80 000, до ,80 000, ,₽",Научно-исследовательский институт железнодорожного транспорта (ВНИИЖТ),"4,0",16
Аналитик данных (Excel) с функциями помощника руководителя,,1–3 года,"от ,70 000, ,₽",САТУРН - строительные материалы,"4,1",373
Ведущий аналитик данных,,1–3 года,"от ,80 000, до ,80 000, ,₽","МАГНИТ, Розничная сеть",,
"Аналитик по обработке данных (удалённо, проект на 3 месяца)","Анализ данных,Базы данных,MS Excel",не требуется,"от ,80 000, до ,80 000, ,₽",ЛУКОЙЛ,"3,1",95
Аналитик данных,,3–6 лет,"от ,70 000, ,₽","Ямал, Авиационная транспортная компания",,
Аналитик данных,,не требуется,"от ,70 000, ,₽",Совкомбанк,"4,0",3353
Аналитик данных,,1–3 года,"от ,70 000, ,₽",ЛЭтуаль Офис,,
Аналитик данных,"Аналитика,Анализ данных,Аналитическое мышление,Анализ бизнес показателей,Сводные таблицы,Сбор и анализ информации,Прогнозирование,Работа с большим объемом информации,Работа с базами данных,Базы данных,Анализ текущих финансовых показателей",1–3 года,"от ,70 000, ,₽",Компания Арсенал,"2,4",6
Аналитик данных отдела продаж,"MS Excel,Аналитическое мышление,Анализ данных,Английский язык,Оценка потребностей клиентов,Аналитика,Работа с базами данных,прогнозирование продаж,Прогнозирование",1–3 года,"от ,70 000, ,₽",СервисКлауд,"4,4",18
Аналитик данных,"Power BI,Анализ данных,Аналитика,MS Excel",1–3 года,"до ,100 000, ,₽",ГКУ Центр занятости населения города Москвы,"3,6",23
Аналитик данных,"MS PowerPoint,Аналитическое мышление,Работа с большим объемом информации",1–3 года,"от ,70 000, до ,100 000, ,₽",Министерство жилищной политики Московской области,"4,5",3
Аналитик данных,,1–3 года,"от ,80 000, до ,85 000, ,₽",АНО ДПО ИПК ТЕХНОПРОГРЕСС,,
Аналитик данных (м.Пятницкое шоссе),,1–3 года,"до ,100 000, ,₽",ТЛ Групп,,
Аналитик данных телепроектов,,1–3 года,"от ,74 450, ,₽",Первый канал,"3,6",98
Специалист по учебно-методической работе/Аналитик данных,"Анализ данных,MS PowerPoint,Аналитическое мышление,Работа с большим объемом информации,Сводные таблицы,Подготовка презентаций,MS Excel",не требуется,"от ,80 000, ,₽",МФТИ,,
Аналитик данных,"SQL,Базы данных,СУБД,Redmine,Power BI,Jira,MS SQL,Визуализация данных,Работа в условиях многозадачности",1–3 года,"от ,80 000, до ,100 000, ,₽",ГБУЗ МГОБ № 62 ДЗМ,"4,3",2
Аналитик данных,,1–3 года,"от ,80 000, до ,98 000, ,₽",ГКУ Центр занятости населения города Москвы,"3,6",23
Аналитик данных,,1–3 года,"от ,76 000, ,₽",Московский метрополитен,,
Аналитик данных,"Анализ бизнес показателей,Аналитика продаж,Аналитическое мышление,Сбор и анализ информации,Аналитика,Оптимизация бизнес-процессов,Разработка технических заданий,Power BI,Анализ данных,Постановка задач разработчикам,Olap (online analytical processing),MS Power BI,BI",1–3 года,"от ,80 000, до ,100 000, ,₽",Lasmart,"4,6",6
Аналитик данных (Data science),"SQL,Data Analysis,MS SQL,Python,Работа с базами данных",не требуется,"от ,80 000, до ,100 000, ,₽",ГБУ Мосстройинформ,"4,4",11
Аналитик данных,,1–3 года,"от ,75 000, ,₽",ЭТАЖИ,"4,3",1993
Аналитик данных по взысканию,"SQL,Анализ данных,Работа с базами данных,Аналитическое мышление",1–3 года,"от ,50 000, до ,125 000, ,₽","Ак Барс Банк, Специалистам и руководителям","3,5",537
Аналитик данных,,1–3 года,"от ,80 000, ,₽",СЕРКОНС,"4,5",173
Аналитик данных / Анализ маркетинговых мероприятий торговой сети,"Анализ данных,Аналитика,Бизнес-анализ,Статистический анализ,Работа с базами данных,Работа с большим объемом информации,Деловая коммуникация,Сбор и анализ информации",1–3 года,"от ,80 000, ,₽",ГАЛА-ЦЕНТР,"4,2",18
Аналитик данных,"умение анализировать информацию,внимательность,Усидчивость",1–3 года,"от ,80 000, ,₽",Скайлайн Констракшн,,
Менеджер по работе с базой данных/администратор/аналитик,"Работа с большим объемом информации,Работа с базами данных,Точность и внимательность к деталям,Администрирование,Деловая коммуникация,1С: Управление Торговлей,Анализ данных",1–3 года,"от ,80 000, ,₽",Тракдрайв,"4,4",7
Аналитик баз данных (аренда торговой недвижимости),,1–3 года,"от ,80 000, ,₽",NF Group,"3,6",40
Маркетолог-аналитик данных фармотрасли,,1–3 года,"от ,80 000, ,₽",Уралбиофарм,"3,1",13
Инженер ПТО аналитик данных (Турция),"Подготовка презентаций,MS PowerPoint,Анализ данных,Подготовка отчетов",3–6 лет,"до ,110 000, ,₽","ТИТАН-2, холдинг","3,8",207
Аналитик данных / BI-аналитик,"SQL,MS PowerPoint,Работа с большим объемом информации,Деловая коммуникация",1–3 года,"от ,85 000, ,₽",Кейсистемс,"4,3",23
Аналитик баз данных 1С (Торговля),,1–3 года,"от ,85 000, ,₽",Группа компаний Невада,"3,9",65
Аналитик данных,,1–3 года,"от ,84 000, ,₽",Сбер для экспертов,"4,0",17825
Ведущий экономист-аналитик баз данных (анализ авиаперевозок и доходов),"Работа с большим объемом информации,Точность и внимательность к деталям,Умение расставлять приоритеты,Excel,СУБД,MS SQL,Администрирование,Анализ данных,Базы данных,Логическое мышление,Аналитическое мышление,Аналитические способности,Работа с базами данных,MS Power Builder,Access",3–6 лет,"от ,81 000, до ,115 749, ,₽",Аэрофлот,,
Аналитик данных,,1–3 года,"от ,90 000, до ,110 000, ,₽",DNS Головной офис,"4,2",21
"Аналитик данных (SQL, Excel, Python)","Аналитическое мышление,Аналитика,Анализ данных,Работа с большим объемом информации,Аналитические исследования,MS Excel,Анализ рынка,Сбор и анализ информации,Работа с базами данных,ВПР,Прогнозирование,Сводные таблицы,Анализ конкурентной среды,Анализ ассортиментной линейки,Анализ ценообразования,Анализ продаж,Аналитика продаж,Контроль и анализ ценообразования,Конкурентная аналитика,Ассортиментная матрица,Мониторинг цен,Подготовка отчетов",3–6 лет,"от ,80 000, до ,120 000, ,₽",FISH FINDER,,
Аналитик данных,"MS Excel,Аналитика,MS PowerPoint,Анализ данных,Аналитическое мышление,MS SQL,Работа с большим объемом информации",1–3 года,"от ,100 000, ,₽",Кадровый Центр Департамента здравоохранения города Москвы,,
Аналитик данных,,3–6 лет,"от ,100 000, ,₽",МедСофт,,
Аналитик данных,"MS SQL,Power BI,MS Excel",1–3 года,"от ,100 000, ,₽",ГКУ Центр занятости населения города Москвы,"3,6",23
"Аналитик данных (data scientist, data engineer)","Python,Системы автоматического контроля,Создание моделей,Машинное обучение,Математическое моделирование,Понимание задач регрессии,Оформление описаний,Пусконаладочные работы",3–6 лет,"от ,100 000, ,₽",Федеральное государственное автономное учреждение Научно-исследовательский институт Центр экологической промышленной политики (ФГАУ НИИ ЦЭПП),"5,0",1
Аналитик данных/Data analyst (фармацевтическое направление),"SQL,Python,Работа с базами данных,Анализ данных,Аналитика,Навыки презентации,Аналитические исследования,Проведение презентаций,Базы данных,Визуализация данных,Data Analysis,superset",1–3 года,"до ,140 000, ,₽",KONNEKTU,"4,1",2
Аналитик баз данных,,1–3 года,"до ,136 000, ,₽",Лимкорм Групп,"4,8",19
Аналитик данных POWER BI,,1–3 года,"от ,100 000, до ,140 000, ,₽",ВЭД Агент,"4,6",8
Аналитик Данных / Data Analyst,"Data Analysis,Анализ данных,Аналитическое мышление,Прогнозирование",1–3 года,"до ,140 000, ,₽",Электромобили Мануфэкчуринг Рус,"4,4",8
Ведущий аналитик данных,"SQL,Анализ данных,Умение принимать решения,Статистический анализ,Базы данных,MS Excel,CRM,Английский — A1 — Начальный",1–3 года,"от ,105 000, до ,136 000, ,₽",Такском,"3,6",314
Аналитик данных,"PostgreSQL,DWH,MS Excel,Power BI",1–3 года,"до ,150 000, ,₽",КНОПКАДЕНЬГИ,"4,9",17
Аналитик данных,"SQL,MS Excel,Анализ данных,Python,Git",1–3 года,"от ,100 000, до ,160 000, ,₽",OneTwoTrip,"4,1",64
Аналитик данных,"Python,SQL,Power BI,DAX,Tableau,Бизнес-анализ,Анализ данных,BPMN,UML,MS SQL,Аналитика,Базы данных",3–6 лет,"от ,120 000, до ,140 000, ,₽",Нмаркет.ПРО,"4,3",18
Аналитик данных/Менеджер по закупкам,"Грамотная устная и письменная речь,Деловая переписка,Ведение переговоров,1С: Предприятие 8,Высшее образование,Excel,Математический анализ,Мониторинг цен,Работа с поставщиками,Оптимизация закупок,Аналитическое мышление,Работа с большим объемом информации,Управление товарными запасами",1–3 года,"от ,120 000, до ,150 000, ,₽",Эльбрус-Запчасти,"4,4",12
Аналитик данных,"Работа с большим объемом информации,VBA,MS Excel,MS SQL,Power Query,Python,Power Point",3–6 лет,"от ,115 000, до ,160 000, ,₽",ГКУ Центр занятости населения города Москвы,"3,6",23
Аналитик данных на маркетплейсах/аналитик BI,,3–6 лет,"от ,115 000, ,₽",Первый Бит,"3,9",1385
Менеджер по развитию (аналитик данных),"SQL,MS SQL,Power BI,Работа с базами данных,Бизнес-анализ",1–3 года,"от ,120 000, ,₽",Деловые Линии,,
Аналитик данных,"Power Query,Power BI,1С: Торговля",1–3 года,"от ,120 000, ,₽",Акира Оил,"4,7",2
Менеджер по развитию (аналитик данных),"SQL,MS SQL,Power BI,Работа с базами данных,Бизнес-анализ",1–3 года,"от ,120 000, ,₽",Деловые Линии,,
Менеджер по развитию (аналитик данных),"MS SQL,Бизнес-анализ,PostgreSQL,Базы данных,Работа с базами данных,Power BI,Dax",1–3 года,"от ,120 000, ,₽",Деловые Линии,,
Эксперт цифрового аудита / аналитик данных,"SQL,Python,Hadoop,GreenPlum,Статистический анализ,ML-модели,IRBF",1–3 года,"от ,120 000, ,₽",Сбер для экспертов,"4,0",17825
Аналитик данных (IT),"SQL,SPARQL,Базы данных,СУБД,Моделирование баз данных,BPMN,UML,Работа с большим объемом информации,Работа с базами данных,Аналитическое мышление,Python,MongoDB,Анализ данных,Постановка задач разработчикам,JSONATA,Archimate,Проведение тестирований",3–6 лет,"от ,120 000, ,₽",ДатаФабрик,,
Аналитик-разработчик баз данных,"SQL,СУБД,ETL,Работа с базами данных,Аналитическое мышление",1–3 года,"от ,120 000, ,₽",ЛИГРЕС,"4,7",6
Аналитик данных,,1–3 года,"от ,120 000, ,₽",ГБУЗ ЦЛО ДЗМ,,
Аналитик маркетинговых данных,"SQL,Power BI,Google Analytics,Яндекс.Метрика,Веб-аналитика,Бизнес-анализ",1–3 года,"от ,120 000, до ,160 000, ,₽",IT-Agency,"4,8",12
Маркетолог-аналитик \ Аналитик данных,"MS Excel,Маркетинговый анализ,SQL,Анализ данных,WEB аналитика,Анализ бизнес показателей,Аналитика,Аналитические исследования,Power BI",3–6 лет,"от ,130 000, ,₽",ВФМ Технолоджи,,
Аналитик данных CRM,"CRM,MS SQL,Power BI,Английский — B2 — Средне-продвинутый",1–3 года,"до ,170 000, ,₽",AUXO (Атос АйТи Солюшенс энд Сервисез),"4,1",199
"Аналитик, Аналитик данных","Анализ данных,Прогнозирование,Аналитика,Аналитическое мышление,Статистический анализ,Работа с базами данных,Работа с большим объемом информации",1–3 года,"от ,125 000, ,₽",Рево Чардж Рус,"4,3",1
Руководитель отдела аналитики данных,"SQL,DWH,Power BI,Tableau,Анализ текущих финансовых показателей,Аналитика,Анализ бизнес показателей,Информационные технологии,Python",1–3 года,"от ,130 000, ,₽",Бетховен сеть зоомагазинов,"3,6",168
Аналитик данных,,3–6 лет,"от ,120 000, ,₽",Группа компаний РБЕ (RBE Group),"3,4",132
Аналитик данных,"Аналитическое мышление,Python,Математическая статистика,Machine Learning,Статистический анализ",3–6 лет,"от ,100 000, до ,200 000, ,₽",HIPER,,
Аналитик данных (BI),"Анализ данных,Аналитическое мышление,Бизнес-анализ,Анализ бизнес показателей,MS Power BI",3–6 лет,"от ,130 000, ,₽",ИНТРАТУЛ,"4,0",27
Аналитик данных (Специалист 1 категории),"Коммуникативная гибкость,Системность мышления,Критическое мышление,Способность к саморазвитию,Инициативность и лидерство",3–6 лет,"от ,137 000, ,₽",Ай-Пласт,"3,7",11
Аналитик данных/BI-аналитик,"SQL,JSON,ClickHouse,Node-RED,BI-инструменты,React,API",3–6 лет,"от ,150 000, до ,160 000, ,₽",Аметист Групп,"5,0",1
Специалист по работе с данными (Excel) / Аналитик баз данных,"Статистический анализ,Сбор и анализ информации,XML,Работа с базами данных,MS SQL,Работа с большим объемом информации,Аналитическое мышление,MS PowerPoint,Анализ данных,Базы данных",1–3 года,"от ,170 000, до ,170 000, ,₽",ЦУГАМ,,
Системный аналитик/Аналитик данных ML,"SQL,Python,BPMN,СУБД,Разработка технических заданий,Техническая документация,Mashine learning,Анализ данных",1–3 года,"от ,150 000, ,₽",Центр Информационных технологий Роскадастр-Инфотех Филиал Роскадастр,,
Аналитик баз данных,"Анализ данных,SQL,VBA",1–3 года,"до ,200 000, ,₽",PeptidPro,"4,2",4
Аналитик данных BI,"Python,Power BI,SQL",1–3 года,"до ,218 400, ,₽","Бристоль, сеть магазинов","3,4",1933
Аналитик баз данных,"TradeX,VPM,VBA,MS Excel,Power Query,Power Pivot,Аналитическое мышление,Анализ данных,Работа с базами данных,Работа с большим объемом информации",3–6 лет,"от ,150 000, ,₽",Frame Moscow,,
Аналитик данных (ИТ-компания) с карьерным ростом до зам. директора,"Аналитическое мышление,Анализ данных,Работа с большим объемом информации,MS Excel,MS PowerPoint,Английский язык",1–3 года,"от ,150 000, до ,200 000, ,₽",Рекрутер,,
Аналитик данных в отдел планирования и прогнозирования (data analyst / data scientist),,3–6 лет,"до ,218 400, ,₽","Бристоль, сеть магазинов","3,4",1933
Аналитик данных,"Python,SQL,Data Analysis,Аналитические исследования,Математическая статистика,Сбор и анализ информации,Анализ данных,Математический анализ,Базы данных,Big Data",1–3 года,"до ,220 000, ,₽",Rubbles,"4,0",14
Продуктовый аналитик/data analyst/аналитик данных,"Python,Математическая статистика,Математический анализ,Статистический анализ,Аналитическое мышление,SQL,Умение принимать решения,Анализ данных,Data Analysis,Аналитика,Английский — B1 — Средний",1–3 года,"от ,180 000, до ,200 000, ,₽",Платформа Больших Данных,"4,8",1
Аналитик данных (Senior/Middle),,3–6 лет,"от ,150 000, до ,250 000, ,₽",Таймлайн,,
BI-analyst \ Data analyst \ Аналитик данных (Senior),"Python,Статистический анализ,Прогнозирование,Математическая статистика,SQL,MS Excel,Pandas,Numpy",3–6 лет,"от ,180 000, ,₽",Займиго МФК,"4,6",13
Аналитик данных | Middle Data analyst,"Аналитическое мышление,Анализ данных,SQL,Data Analysis,Python,Clickhouse,Airflow,A/B тесты,PostgreSQL,Анализ бизнес показателей,MySQL,Работа с базами данных,Аналитика,Pandas",1–3 года,"от ,180 000, до ,250 000, ,₽",Зигмунд Онлайн,,
BI-analyst \ Data analyst \ Аналитик данных (Senior),"Python,Статистический анализ,Прогнозирование,Математическая статистика,SQL,MS Excel,Pandas,Numpy",3–6 лет,"от ,190 000, ,₽",Займиго МФК,"4,6",13
BI-analyst \ Data analyst \ Аналитик данных (Senior),"Python,Статистический анализ,Прогнозирование,Математическая статистика,SQL,MS Excel,Pandas,Numpy",3–6 лет,"от ,190 000, ,₽",Займиго МФК,"4,6",13
Аналитик данных,,1–3 года,"от ,180 000, ,₽",Эстилаб Рус,"5,0",7
Аналитик данных,"Управление проектами,Подготовка презентаций,Аналитическое мышление,Аналитические способности,Анализ данных,Python,Математическая статистика",3–6 лет,"от ,200 000, ,₽",Автономная Некоммерческая организация Агентство Креативных Индустрий,,
Ведущий аналитик данных / Начальник отдела,"Интеллектуальный анализ данных,SQL,API,Python,Математическая статистика",3–6 лет,"от ,200 000, ,₽",Московский городской педагогический университет (ГАОУ ВО МГПУ),"3,6",77
Бизнес-аналитик / Аналитик данных,,более 6 лет,"от ,200 000, до ,280 000, ,₽",Секонд Сайт,,
Аналитик данных / Аналитик DWH,"SQL,MS SQL,Базы данных,DWH,Power BI,Анализ данных,Анализ бизнес показателей,Аналитические способности,Работа с большим объемом информации,Статистический анализ,Работа с базами данных,Сводные таблицы,JSON,Аналитика,Сбор и анализ информации,Навыки составления отчетности,Аналитическое мышление",3–6 лет,"от ,200 000, до ,300 000, ,₽",INGURU.RU,,
Аналитик данных / Аналитик DWH,"SQL,MS SQL,Базы данных,DWH,Power BI,Анализ данных,Анализ бизнес показателей,Аналитические способности,Работа с большим объемом информации,Статистический анализ,Работа с базами данных,Сводные таблицы,JSON,Аналитика,Сбор и анализ информации,Навыки составления отчетности,Аналитическое мышление",3–6 лет,"от ,200 000, до ,300 000, ,₽",INGURU.RU,,
Аналитик данных / Аналитик DWH,"SQL,MS SQL,Базы данных,DWH,Power BI,Анализ данных,Анализ бизнес показателей,Аналитические способности,Работа с большим объемом информации,Статистический анализ,Работа с базами данных,Сводные таблицы,JSON,Аналитика,Сбор и анализ информации,Навыки составления отчетности,Аналитическое мышление",3–6 лет,"от ,200 000, до ,300 000, ,₽",INGURU.RU,,
Аналитик данных / Аналитик DWH,"SQL,MS SQL,Базы данных,DWH,Power BI,Анализ данных,Анализ бизнес показателей,Аналитические способности,Работа с большим объемом информации,Статистический анализ,Работа с базами данных,Сводные таблицы,JSON,Аналитика,Сбор и анализ информации,Навыки составления отчетности,Аналитическое мышление",3–6 лет,"от ,200 000, до ,300 000, ,₽",INGURU.RU,,
Аналитик данных / Аналитик DWH,"SQL,MS SQL,Базы данных,DWH,Power BI,Анализ данных,Анализ бизнес показателей,Аналитические способности,Работа с большим объемом информации,Статистический анализ,Работа с базами данных,Сводные таблицы,JSON,Аналитика,Сбор и анализ информации,Навыки составления отчетности,Аналитическое мышление",3–6 лет,"от ,200 000, до ,300 000, ,₽",INGURU.RU,,
Аналитик данных / Аналитик DWH,"SQL,MS SQL,Базы данных,DWH,Power BI,Анализ данных,Анализ бизнес показателей,Аналитические способности,Работа с большим объемом информации,Статистический анализ,Работа с базами данных,Сводные таблицы,JSON,Аналитика,Сбор и анализ информации,Навыки составления отчетности,Аналитическое мышление",3–6 лет,"от ,200 000, до ,300 000, ,₽",INGURU.RU,,
Лидер команды аналитики данных / Team Lead,"Data Vault,DWH,PowerDesigner,SQL,Arenadata,Green Plum,Airflow",более 6 лет,"до ,350 000, ,₽",HR Prime,"5,0",6
